,acc,agr,spec,sens,label dist
0,0.639344262295082,0.7049180327868853,0.75,0.6904761904761905,"{0: 111, 1: 200, 2: 589}"
1,0.6721311475409836,0.6885245901639344,0.875,0.7142857142857143,"{0: 102, 1: 220, 2: 578}"
2,0.6147540983606558,0.6557377049180327,0.725,0.7142857142857143,"{0: 98, 1: 215, 2: 587}"
3,0.5573770491803278,0.5737704918032787,0.8625,0.3333333333333333,"{0: 114, 1: 210, 2: 576}"
4,0.6721311475409836,0.680327868852459,0.8125,0.6190476190476191,"{0: 101, 1: 218, 2: 581}"
