,acc,agr,spec,sens,label dist
0,0.639344262295082,0.6639344262295082,0.825,0.5714285714285714,"{0: 197, 1: 443, 2: 1160}"
1,0.7049180327868853,0.7377049180327869,0.8125,0.7619047619047619,"{0: 219, 1: 415, 2: 1166}"
2,0.6475409836065574,0.7131147540983607,0.675,0.7619047619047619,"{0: 205, 1: 426, 2: 1169}"
3,0.5327868852459017,0.5573770491803278,0.8,0.4523809523809524,"{0: 249, 1: 409, 2: 1142}"
4,0.639344262295082,0.6557377049180327,0.85,0.47619047619047616,"{0: 226, 1: 429, 2: 1145}"
