,acc,agr,spec,sens,label dist
0,0.5327868852459017,0.5573770491803278,0.8,0.5238095238095238,"{0: 111, 1: 200, 2: 589}"
1,0.4344262295081967,0.5,0.675,0.42857142857142855,"{0: 102, 1: 220, 2: 578}"
2,0.48360655737704916,0.5081967213114754,0.8,0.42857142857142855,"{0: 98, 1: 215, 2: 587}"
3,0.5409836065573771,0.5409836065573771,0.8,0.5714285714285714,"{0: 114, 1: 210, 2: 576}"
4,0.5163934426229508,0.5655737704918032,0.6125,0.7619047619047619,"{0: 101, 1: 218, 2: 581}"
