,acc,agr,spec,sens,label dist
0,0.4016393442622951,0.3770491803278688,0.525,0.6666666666666666,"{0: 111, 1: 200, 2: 589}"
1,0.36885245901639346,0.4098360655737705,0.3625,0.6190476190476191,"{0: 102, 1: 220, 2: 578}"
2,0.39344262295081966,0.45901639344262296,0.325,0.9047619047619048,"{0: 98, 1: 215, 2: 587}"
3,0.319672131147541,0.36885245901639346,0.65,0.35714285714285715,"{0: 114, 1: 210, 2: 576}"
4,0.36065573770491804,0.4180327868852459,0.175,0.8809523809523809,"{0: 101, 1: 218, 2: 581}"
