,acc,agr,spec,sens,label dist
0,0.6639344262295082,0.6885245901639344,0.825,0.5714285714285714,"{0: 197, 1: 443, 2: 1160}"
1,0.6311475409836066,0.6885245901639344,0.7875,0.6666666666666666,"{0: 219, 1: 415, 2: 1166}"
2,0.6967213114754098,0.6721311475409836,0.9125,0.6190476190476191,"{0: 205, 1: 426, 2: 1169}"
3,0.639344262295082,0.6311475409836066,0.875,0.47619047619047616,"{0: 249, 1: 409, 2: 1142}"
4,0.6885245901639344,0.6721311475409836,0.725,0.7380952380952381,"{0: 226, 1: 429, 2: 1145}"
