,acc,agr,spec,sens,label dist
0,0.6639344262295082,0.680327868852459,0.8375,0.6190476190476191,"{0: 151, 1: 217, 2: 532}"
1,0.5245901639344263,0.5737704918032787,0.6,0.6666666666666666,"{0: 112, 1: 233, 2: 555}"
2,0.5983606557377049,0.6147540983606558,0.6375,0.7142857142857143,"{0: 146, 1: 204, 2: 550}"
3,0.5409836065573771,0.5081967213114754,0.975,0.11904761904761904,"{0: 128, 1: 224, 2: 548}"
4,0.6229508196721312,0.6475409836065574,0.775,0.6904761904761905,"{0: 150, 1: 224, 2: 526}"
