,acc,agr,spec,sens,label dist
0,0.6557377049180327,0.6639344262295082,0.85,0.6190476190476191,"{0: 111, 1: 200, 2: 589}"
1,0.6885245901639344,0.7295081967213115,0.7625,0.7857142857142857,"{0: 102, 1: 220, 2: 578}"
2,0.6721311475409836,0.6721311475409836,0.9,0.5952380952380952,"{0: 98, 1: 215, 2: 587}"
3,0.639344262295082,0.6311475409836066,0.8375,0.5714285714285714,"{0: 114, 1: 210, 2: 576}"
4,0.6475409836065574,0.6967213114754098,0.7875,0.5714285714285714,"{0: 101, 1: 218, 2: 581}"
