,acc,agr,spec,sens,label dist
0,0.7786885245901639,0.8114754098360656,0.725,0.9047619047619048,"{0: 111, 1: 200, 2: 589}"
1,0.7131147540983607,0.7622950819672131,0.65,0.9047619047619048,"{0: 102, 1: 220, 2: 578}"
2,0.3442622950819672,0.38524590163934425,0.0,1.0,"{0: 98, 1: 215, 2: 587}"
3,0.7131147540983607,0.7295081967213115,0.625,0.9523809523809523,"{0: 114, 1: 210, 2: 576}"
4,0.7622950819672131,0.7950819672131147,0.7125,0.9285714285714286,"{0: 101, 1: 218, 2: 581}"
