,acc,agr,spec,sens,label dist
0,0.639344262295082,0.6557377049180327,0.5625,0.9285714285714286,"{0: 111, 1: 200, 2: 589}"
1,0.6475409836065574,0.6885245901639344,0.6125,0.8333333333333334,"{0: 102, 1: 220, 2: 578}"
2,0.8032786885245902,0.7950819672131147,0.8625,0.8809523809523809,"{0: 98, 1: 215, 2: 587}"
3,0.680327868852459,0.6967213114754098,0.725,0.8333333333333334,"{0: 114, 1: 210, 2: 576}"
4,0.6721311475409836,0.7213114754098361,0.6125,0.8809523809523809,"{0: 101, 1: 218, 2: 581}"
