,acc,agr,spec,sens,label dist
0,0.7377049180327869,0.7377049180327869,0.8875,0.6666666666666666,"{0: 197, 1: 443, 2: 1160}"
1,0.7459016393442623,0.7622950819672131,0.9375,0.6190476190476191,"{0: 219, 1: 415, 2: 1166}"
2,0.7459016393442623,0.7459016393442623,0.8375,0.8095238095238095,"{0: 205, 1: 426, 2: 1169}"
3,0.6147540983606558,0.6065573770491803,0.95,0.16666666666666666,"{0: 249, 1: 409, 2: 1142}"
4,0.7213114754098361,0.7049180327868853,0.9125,0.5952380952380952,"{0: 226, 1: 429, 2: 1145}"
