,acc,agr,spec,sens,label dist
0,0.5081967213114754,0.5327868852459017,0.9,0.2619047619047619,"{0: 111, 1: 200, 2: 589}"
1,0.5491803278688525,0.5573770491803278,0.8,0.5238095238095238,"{0: 102, 1: 220, 2: 578}"
2,0.5081967213114754,0.5327868852459017,0.7625,0.47619047619047616,"{0: 98, 1: 215, 2: 587}"
3,0.5409836065573771,0.5491803278688525,0.8375,0.4523809523809524,"{0: 114, 1: 210, 2: 576}"
4,0.45901639344262296,0.5,0.7,0.6190476190476191,"{0: 101, 1: 218, 2: 581}"
