,acc,agr,spec,sens,label dist
0,0.6147540983606558,0.6557377049180327,0.8625,0.47619047619047616,"{0: 111, 1: 200, 2: 589}"
1,0.7131147540983607,0.7049180327868853,0.85,0.7142857142857143,"{0: 102, 1: 220, 2: 578}"
2,0.6311475409836066,0.6639344262295082,0.7875,0.7857142857142857,"{0: 98, 1: 215, 2: 587}"
3,0.5655737704918032,0.5983606557377049,0.7625,0.6190476190476191,"{0: 114, 1: 210, 2: 576}"
4,0.5573770491803278,0.5983606557377049,0.4625,0.8333333333333334,"{0: 101, 1: 218, 2: 581}"
