,acc,agr,spec,sens,label dist
0,0.5983606557377049,0.6147540983606558,0.7875,0.6190476190476191,"{0: 207, 1: 300, 2: 393}"
1,0.5737704918032787,0.6229508196721312,0.7625,0.5238095238095238,"{0: 203, 1: 346, 2: 351}"
2,0.5,0.5081967213114754,0.85,0.3333333333333333,"{0: 236, 1: 316, 2: 348}"
3,0.5655737704918032,0.5983606557377049,0.85,0.35714285714285715,"{0: 165, 1: 343, 2: 392}"
4,0.5409836065573771,0.6147540983606558,0.5625,0.7380952380952381,"{0: 206, 1: 335, 2: 359}"
