,acc,agr,spec,sens,label dist
0,0.6557377049180327,0.6557377049180327,0.7375,0.7619047619047619,"{0: 111, 1: 200, 2: 589}"
1,0.5983606557377049,0.639344262295082,0.6375,0.9047619047619048,"{0: 102, 1: 220, 2: 578}"
2,0.6311475409836066,0.6639344262295082,0.7,0.7619047619047619,"{0: 98, 1: 215, 2: 587}"
3,0.5655737704918032,0.639344262295082,0.6,0.8095238095238095,"{0: 114, 1: 210, 2: 576}"
4,0.6229508196721312,0.680327868852459,0.5375,0.9761904761904762,"{0: 101, 1: 218, 2: 581}"
