,acc,agr,spec,sens,label dist
0,0.6721311475409836,0.6639344262295082,0.825,0.5952380952380952,"{0: 234, 1: 417, 2: 1149}"
1,0.7622950819672131,0.7459016393442623,0.875,0.7857142857142857,"{0: 222, 1: 449, 2: 1129}"
2,0.7131147540983607,0.6885245901639344,0.9,0.5476190476190477,"{0: 223, 1: 411, 2: 1166}"
3,0.7540983606557377,0.7295081967213115,0.9,0.7142857142857143,"{0: 246, 1: 414, 2: 1140}"
4,0.6311475409836066,0.6639344262295082,0.8,0.40476190476190477,"{0: 186, 1: 446, 2: 1168}"
5,0.7295081967213115,0.7377049180327869,0.7625,0.8571428571428571,"{0: 237, 1: 404, 2: 1159}"
