,acc,agr,spec,sens,label dist
0,0.5983606557377049,0.6311475409836066,0.55,0.8095238095238095,"{0: 197, 1: 443, 2: 1160}"
1,0.680327868852459,0.6967213114754098,0.675,0.8333333333333334,"{0: 219, 1: 415, 2: 1166}"
2,0.680327868852459,0.6885245901639344,0.725,0.8333333333333334,"{0: 205, 1: 426, 2: 1169}"
3,0.6639344262295082,0.6721311475409836,0.925,0.5238095238095238,"{0: 249, 1: 409, 2: 1142}"
4,0.5901639344262295,0.5983606557377049,0.525,0.8571428571428571,"{0: 226, 1: 429, 2: 1145}"
