,acc,agr,spec,sens,label dist
0,0.6311475409836066,0.6475409836065574,0.475,0.9523809523809523,"{0: 111, 1: 200, 2: 589}"
1,0.7131147540983607,0.7459016393442623,0.6125,0.9285714285714286,"{0: 102, 1: 220, 2: 578}"
2,0.3442622950819672,0.38524590163934425,0.0,1.0,"{0: 98, 1: 215, 2: 587}"
3,0.5655737704918032,0.5819672131147541,0.3625,0.9761904761904762,"{0: 114, 1: 210, 2: 576}"
4,0.7786885245901639,0.7704918032786885,0.7375,0.9047619047619048,"{0: 101, 1: 218, 2: 581}"
