,acc,agr,spec,sens,label dist
0,0.6557377049180327,0.6557377049180327,0.725,0.9047619047619048,"{0: 197, 1: 443, 2: 1160}"
1,0.6721311475409836,0.6885245901639344,0.6375,0.8333333333333334,"{0: 219, 1: 415, 2: 1166}"
2,0.680327868852459,0.6885245901639344,0.7875,0.6666666666666666,"{0: 205, 1: 426, 2: 1169}"
3,0.6885245901639344,0.680327868852459,0.925,0.4523809523809524,"{0: 249, 1: 409, 2: 1142}"
4,0.6967213114754098,0.6885245901639344,0.7,0.8333333333333334,"{0: 226, 1: 429, 2: 1145}"
